Hash, Name
FD24B86E, m_abortPlug
D64683D1, m_aimID
BEC2BEAE, m_beginPlug
A358340A, m_castFilter
DDE1F5A5, m_castLength
E7E0054D, m_castRadius
E3072BFB, m_condition
EDABEA76, m_curVal
5D05B699, m_destination
5C704AF7, m_destinationBone
5EF95C02, m_destinationObject
5E4E52F4, m_dirWS
FCF3C30C, m_effect
B0FEA54E, m_falsePlug
DE163A4C, m_falseSubgraphPlug
F6258155, m_hasDuration
DBCA9276, m_hasReachedDestination
BFDEB7F1, m_height
8463F861, m_ignoreEntities
59C48F73, m_inPlug
FB30E9D5, m_isVec
413F29AE, m_key
D0334A6F, m_lastTickTime
3C9341F5, m_logicalButton
F7EAE932, m_nodesBitCount
472BEC0C, m_numProjectilesPerShot
120FD2F8, m_numshotsPerSecond
41BA609A, m_onAbortPlug
025C665A, m_onBeginPlug
E2E57DE3, m_onComingUpPlug
D358F990, m_onDownSubgraphPlug
D2CD7C9F, m_onEndPlug
0C607DBA, m_onFalsePlug
FE841C79, m_onFinishedPlug
F81224CC, m_onGoingDownPlug
48C4F9C7, m_onMinShotsPlug
609F5617, m_onTruePlug
C8398FD9, m_onUpSubgraphPlug
CB5A4101, m_out_CooldownVar
0420C787, m_out_HitEntity
2B8DEB0B, m_out_HitNormal
0D48DF87, m_out_HitPointWS
B511E5D6, m_out_HitSomething
1AE85F43, m_out_StackVar
EC9F34A6, m_out_Var
460C9ED6, m_outPlug
6DFC6A5F, m_priority
5257BE73, m_projectileLifetime
AC2F916A, m_projectileSpeed
D6484A9C, m_remoteSyncNodes
47600440, m_remoteSyncNodesBitCount
04081EFD, m_startPosWS
B6A640C2, m_statesBitCount
3F6FFA05, m_subgraphPlug
0E7F6C88, m_syncVars
B30634BA, m_syncVarsBitCount
A5249DE6, m_text
DB0E39DB, m_timeout
AEA33C68, m_timeRemainingMS
F993CC9F, m_topSubgraphPlug
31D9CBE7, m_transitionPlug
98C4B8A6, m_truePlug
DC7AB998, m_trueSubgraphPlug
12716D08, m_type
8CBA8450, m_underSubgraphPlug
5180E750, m_value
C0EDFA4B, m_width
000946A5, N/A
00290137, N/A
00324B8C, N/A
00454CC6, N/A
005269EE, N/A
0060F69C, N/A
00660741, N/A
006E43C2, N/A
007CC6B1, N/A
0089EDCF, N/A
00D0A512, N/A
00D1C4B9, N/A
00D4EC22, N/A
00E7D892, N/A
010B12DA, N/A
011415D9, N/A
0137B364, N/A
0143B2F1, N/A
0147E069, N/A
015D3605, N/A
0175AD85, N/A
017BF777, N/A
017E85D1, N/A
0188A040, N/A
018DAEFC, N/A
018EB32A, N/A
0196550C, N/A
01C2FD48, N/A
01C4328C, N/A
01D2B19D, N/A
01F05DB3, N/A
0205DA7B, N/A
0219EAB2, N/A
02701BF5, N/A
028237F1, N/A
0285FA26, N/A
02863D78, N/A
028FABC5, N/A
02941849, N/A
02A34A70, N/A
02CB4394, N/A
02EA4AD8, N/A
02EA850F, N/A
02FB5A83, N/A
030578C1, N/A
030B66BB, N/A
0338E8E4, N/A
037E2B0F, N/A
03AEBA98, N/A
03AF99B2, N/A
03FC2892, N/A
0400D8B0, N/A
042A27B8, N/A
0447CE28, N/A
04522CA9, N/A
0461ED4F, N/A
046E6441, N/A
0483CC63, N/A
049CE27F, N/A
04C65A65, N/A
04E9EBB2, N/A
05094C81, N/A
0594F3D8, N/A
059631A6, N/A
05A1F8A9, N/A
05AAA790, N/A
05C4556A, N/A
05CBA5E3, N/A
05EE621A, N/A
05F96700, N/A
05FC09D2, N/A
06113EDF, N/A
06207B8F, N/A
063747CB, N/A
06411C68, N/A
065D841C, N/A
06787F47, N/A
067A6080, N/A
06936688, N/A
06A40016, N/A
06AD73A7, N/A
06B4B49E, N/A
06C9D4B5, N/A
06FB9C19, N/A
06FC5B16, N/A
0720B2D8, N/A
072CBDD4, N/A
075C78AF, N/A
075E9D08, N/A
076235BA, N/A
076F6AD9, N/A
078C788E, N/A
07A67AB7, N/A
07ADA678, N/A
07D00975, N/A
07D40561, N/A
07DFC2EF, N/A
07E44BAA, N/A
0841F7A8, N/A
0868F9FB, N/A
08ADD538, N/A
08C102FE, N/A
08D03DB7, N/A
08D63396, N/A
08DDC625, N/A
08DEDF24, N/A
08F9CB86, N/A
08FC292F, N/A
08FF5B22, N/A
0916AFB9, N/A
091E4A60, N/A
0934822F, N/A
0957AE74, N/A
09657D8A, N/A
099639B3, N/A
09983E2E, N/A
09CF8943, N/A
09E8A6BC, N/A
09F7CA6B, N/A
0A16B6BD, N/A
0A1CC9E1, N/A
0A32AFA1, N/A
0A3410BC, N/A
0A4A56C0, N/A
0A9765EB, N/A
0A998CD4, N/A
0A9CB954, N/A
0AA55E19, N/A
0AAC3C41, N/A
0AAEA613, N/A
0AB37ABF, N/A
0AB6F7CD, N/A
0AC097A2, N/A
0AF46035, N/A
0AFC3279, N/A
0B03A6D2, N/A
0B10A2B9, N/A
0B139466, N/A
0B323305, N/A
0B4169AC, N/A
0B44C609, N/A
0B4F4778, N/A
0B62F1DF, N/A
0BC2F547, N/A
0BCCC903, N/A
0BCDD6FE, N/A
0BF0BF60, N/A
0C0866EF, N/A
0C1FC38C, N/A
0C330621, N/A
0C3F988D, N/A
0C552710, N/A
0C650485, N/A
0C7B4E74, N/A
0CBB8745, N/A
0CD0C39A, N/A
0CD16BAA, N/A
0CE5C131, N/A
0CFC7D02, N/A
0D2CB484, N/A
0D2F930E, N/A
0D312847, N/A
0D5E2F60, N/A
0D5FDE6C, N/A
0D75C4FF, N/A
0DA02A89, N/A
0DAE7675, N/A
0DB9C634, N/A
0DF06BF9, N/A
0E0638B1, N/A
0E27C815, N/A
0E31088B, N/A
0E4C38E1, N/A
0E533FD6, N/A
0E5D6C4F, N/A
0EB462AE, N/A
0EC430DE, N/A
0EE279D1, N/A
0EF94A82, N/A
0EF9DA1D, N/A
0F147EA7, N/A
0F2E64E7, N/A
0F36E281, N/A
0F5F7A8A, N/A
0F944CC0, N/A
0F951192, N/A
0F99F7EB, N/A
0FA29E55, N/A
0FAEB852, N/A
0FC7FA02, N/A
0FD422F5, N/A
0FE078EA, N/A
0FF65715, N/A
101C2F24, N/A
10239FE9, N/A
1061008B, N/A
10756330, N/A
10959009, N/A
10AC062F, N/A
10C7BB7B, N/A
10DC309E, N/A
10E31D91, N/A
10EAE00D, N/A
10FC2D3F, N/A
10FE8708, N/A
110B8981, N/A
11105FB3, N/A
112A0315, N/A
1153B593, N/A
11661069, N/A
1172CDED, N/A
11792233, N/A
1184747C, N/A
118EBC19, N/A
118F5508, N/A
11CDE255, N/A
11D07D13, N/A
11D5B94B, N/A
11D623B7, N/A
11EF8D20, N/A
11FFE3B9, N/A
120110A1, N/A
12040A7A, N/A
120DDD57, N/A
121A8030, N/A
123334BD, N/A
124060A5, N/A
124470E3, N/A
124A2230, N/A
12510F4B, N/A
12588E79, N/A
1265B446, N/A
12797087, N/A
127F8D79, N/A
128455AA, N/A
12AA58B2, N/A
12D35E1F, N/A
12D92FA4, N/A
12E2191B, N/A
130411DC, N/A
130DB6CD, N/A
1310E139, N/A
131699D3, N/A
13212D4E, N/A
132527EE, N/A
13313C89, N/A
1337C721, N/A
133AB4F4, N/A
133E4074, N/A
133F139C, N/A
13588086, N/A
137743BC, N/A
137C5BC0, N/A
13849919, N/A
1399982E, N/A
13C3DB60, N/A
13C82CF9, N/A
13D97F64, N/A
13DE21C5, N/A
13EC931A, N/A
13F81FEC, N/A
140A2F9C, N/A
140CB6BC, N/A
140F78F8, N/A
142ABD7E, N/A
142D6746, N/A
144D9030, N/A
146072D4, N/A
148507D4, N/A
149D84C1, N/A
14B159B4, N/A
14BE84E0, N/A
14F7DD0E, N/A
14FA858F, N/A
14FD445D, N/A
14FD5806, N/A
1506E063, N/A
15192D8D, N/A
15245F36, N/A
1556669B, N/A
1561D3D4, N/A
15930D49, N/A
15931831, N/A
15CABDBF, N/A
15D3515D, N/A
15DD2499, N/A
15FD6918, N/A
160061D7, N/A
160C411B, N/A
162E3519, N/A
162E850B, N/A
162EC97A, N/A
1634DC98, N/A
1650A1E6, N/A
1653E7E0, N/A
16747E40, N/A
1690EF48, N/A
16D6D2C4, N/A
16E7E1C6, N/A
16F13DAD, N/A
17039CB1, N/A
170A891D, N/A
170FC668, N/A
17167852, N/A
17281EEB, N/A
172F02EF, N/A
174A15E0, N/A
174E2A92, N/A
17693C5E, N/A
1783BCCE, N/A
17857270, N/A
17878F0F, N/A
17A08ED7, N/A
17CF450F, N/A
17E10A08, N/A
17F1443E, N/A
17F60F1B, N/A
17FC64F7, N/A
1801581B, N/A
18051AE1, N/A
18158C11, N/A
18394EF1, N/A
183F2E21, N/A
1856BAB7, N/A
185F6DBE, N/A
186BC8F8, N/A
187C529A, N/A
188934CD, N/A
189B3875, N/A
18AD77FE, N/A
18E32949, N/A
18E946F9, N/A
18E9F558, N/A
191342FA, N/A
1934804E, N/A
196AD293, N/A
19946D3E, N/A
19AB05F7, N/A
19B3F434, N/A
19C344D2, N/A
19DEF90A, N/A
1A59ABB0, N/A
1A87AA14, N/A
1A985A27, N/A
1A986F0F, N/A
1AF8D9FA, N/A
1AFE6805, N/A
1B183605, N/A
1B335EDD, N/A
1B4A676B, N/A
1B5754D9, N/A
1B685179, N/A
1B81FBF4, N/A
1B8C7DD8, N/A
1B96F84A, N/A
1BA2AF1B, N/A
1BB0D8CE, N/A
1BB1E643, N/A
1BB6C936, N/A
1BBF3383, N/A
1BC75F9A, N/A
1BC7A036, N/A
1BC89B24, N/A
1BCFD3CD, N/A
1BFF3867, N/A
1C0E5260, N/A
1C263920, N/A
1C2A6C87, N/A
1C40CE8E, N/A
1C6696A5, N/A
1C7B9EB9, N/A
1C839FD1, N/A
1C85978C, N/A
1C87C873, N/A
1CA0CBED, N/A
1CA4C045, N/A
1CAC56CF, N/A
1CACB99D, N/A
1CB0801B, N/A
1CB2904E, N/A
1CC4FE0E, N/A
1CC68EC9, N/A
1CE69F8F, N/A
1D1FDD39, N/A
1D372905, N/A
1D3A8DE1, N/A
1D4EAE4F, N/A
1D4FA5E9, N/A
1D56AE73, N/A
1D590167, N/A
1D5A4B8A, N/A
1D6C5490, N/A
1D953A5E, N/A
1D962A63, N/A
1D9679E0, N/A
1D97FF7C, N/A
1DBD2323, N/A
1DCB9CA6, N/A
1DD4BC1C, N/A
1DDF2902, N/A
1DFE3F77, N/A
1E069079, N/A
1E14ECE2, N/A
1E4A0A7D, N/A
1E4CA27F, N/A
1E7586B7, N/A
1E832BB2, N/A
1E98F488, N/A
1EB2C1BC, N/A
1EB3CDE5, N/A
1EB7273B, N/A
1EC39A9A, N/A
1EC3FE1F, N/A
1EE5FC30, N/A
1EEB8A65, N/A
1EF76BA8, N/A
1F052700, N/A
1F1419CD, N/A
1F16E4DE, N/A
1F28D2E1, N/A
1F3000CE, N/A
1F4454F9, N/A
1F55E901, N/A
1F5688A4, N/A
1F63F2F6, N/A
1F7EA992, N/A
1F82ECFB, N/A
1F8BE844, N/A
1F8C91A9, N/A
1F8D859E, N/A
1F9DD4CA, N/A
1FB75847, N/A
1FD01D95, N/A
1FF735D1, N/A
202753DE, N/A
203488D6, N/A
20435EAB, N/A
20623CAB, N/A
2070A837, N/A
20774554, N/A
2077E211, N/A
2084D8E5, N/A
2093E65C, N/A
20C44F9B, N/A
20E399E6, N/A
20F548DF, N/A
210433D7, N/A
2108984C, N/A
211CFCE2, N/A
211DE955, N/A
2129032A, N/A
21737E08, N/A
217B3C65, N/A
2181CFFA, N/A
2183C3AC, N/A
219817F4, N/A
21AE0C2D, N/A
21C9D8B7, N/A
21D206B2, N/A
21DE9018, N/A
21DFE0D6, N/A
2220CDE5, N/A
22221D6D, N/A
224D0677, N/A
225A2C6E, N/A
227A9E7B, N/A
2288FF2A, N/A
2296F302, N/A
22EB1063, N/A
22F152B9, N/A
2301E989, N/A
231DBA72, N/A
2336EC26, N/A
23435668, N/A
2369BE50, N/A
236F2210, N/A
237A089D, N/A
23965996, N/A
239AA437, N/A
23A70523, N/A
23B0B148, N/A
23B74FE6, N/A
23BAA6DD, N/A
23DAE9A9, N/A
2410322F, N/A
2415327B, N/A
242A820B, N/A
243A8429, N/A
2459BCA9, N/A
246BBC05, N/A
248A3DC5, N/A
249A0D41, N/A
24AAB0EF, N/A
24BE87EF, N/A
24C4387B, N/A
24CCF5E0, N/A
24CE369D, N/A
24DFB909, N/A
24E1FA3F, N/A
24E4CCC6, N/A
25198346, N/A
251F8B34, N/A
25371ECB, N/A
253FA200, N/A
25514333, N/A
2579FAF0, N/A
257A19E6, N/A
257E385C, N/A
2597F21C, N/A
259BB28A, N/A
25A68FE0, N/A
25D9F07F, N/A
25DD61E6, N/A
2610F171, N/A
261852A2, N/A
26262E89, N/A
262F155F, N/A
2637641F, N/A
263C251E, N/A
2650F0BE, N/A
265FF2A5, N/A
26674F3F, N/A
267A5E48, N/A
268A41CF, N/A
26A7BB03, N/A
26B1E89C, N/A
26B8D852, N/A
26C83E56, N/A
26F8CC3C, N/A
26FD4759, N/A
26FDE02D, N/A
270A138A, N/A
27196F53, N/A
272269FE, N/A
272C48AE, N/A
272ED5BE, N/A
274B3AA2, N/A
274F7671, N/A
2759C6A9, N/A
276F09A7, N/A
27791128, N/A
279E53D7, N/A
27A3A371, N/A
27B3702A, N/A
27BC11F3, N/A
27BCDE52, N/A
27C1AF02, N/A
27CAE126, N/A
27D63139, N/A
27E6A1B4, N/A
27EEDAEB, N/A
280BF748, N/A
28234534, N/A
284A6D20, N/A
2850F70E, N/A
285BA9DA, N/A
285CBDAF, N/A
285F6866, N/A
287890CA, N/A
28ACA64F, N/A
28C23D22, N/A
28CD704F, N/A
28D68EA5, N/A
29371896, N/A
293B02E2, N/A
2945A01D, N/A
294A8C84, N/A
294D2DBB, N/A
29672BED, N/A
297EF987, N/A
2982E640, N/A
298B40D3, N/A
29909C7C, N/A
29946D51, N/A
29B1B16A, N/A
29C5DB8F, N/A
29F11C4F, N/A
29FA8399, N/A
2A0F81E0, N/A
2A217ECD, N/A
2A3C767A, N/A
2A3FF880, N/A
2A4BF788, N/A
2A55E34D, N/A
2A567F8D, N/A
2A61166C, N/A
2A70576F, N/A
2A7EE15D, N/A
2A8125FB, N/A
2A884C27, N/A
2AA06473, N/A
2AA1F78D, N/A
2AAE2396, N/A
2AB4215F, N/A
2AC3A673, N/A
2ACEEFAC, N/A
2ADB6D26, N/A
2AE0A6F7, N/A
2AEFDE3F, N/A
2AF02426, N/A
2AF843A1, N/A
2AFAD55E, N/A
2B007B89, N/A
2B16F9AA, N/A
2B25726C, N/A
2B2DCACF, N/A
2B3A5CCF, N/A
2B59604A, N/A
2B68B937, N/A
2B7A937B, N/A
2B96CE78, N/A
2BB05D8E, N/A
2BC7FA2E, N/A
2BE26828, N/A
2BFAE03B, N/A
2C1BD6A8, N/A
2C27A0EF, N/A
2C27D174, N/A
2C3E8004, N/A
2C419DF5, N/A
2C438348, N/A
2C5D45F1, N/A
2C6102DA, N/A
2C6BA8AE, N/A
2C6BB61A, N/A
2C70EF65, N/A
2C75F177, N/A
2C95FBE5, N/A
2C9D5994, N/A
2C9D829F, N/A
2CBC19E1, N/A
2CBF1AFF, N/A
2CCAFFB8, N/A
2D2057F1, N/A
2D2B6746, N/A
2D2EF83C, N/A
2D53C5A4, N/A
2D570EDF, N/A
2D5B443E, N/A
2D76E984, N/A
2D7C50C8, N/A
2D7C5A20, N/A
2D8216C4, N/A
2D85A692, N/A
2D86BF3B, N/A
2D935BBA, N/A
2DAA990B, N/A
2DAAA3EF, N/A
2DB3257F, N/A
2DBBA7DB, N/A
2DC24372, N/A
2E1315FC, N/A
2E3DC86D, N/A
2E4D75DB, N/A
2E97DA6D, N/A
2E9D52DF, N/A
2EB5792F, N/A
2ED493FC, N/A
2F0F310D, N/A
2F125D13, N/A
2F3FE170, N/A
2F7ADEB2, N/A
2F7D78D4, N/A
2F823FD5, N/A
2FD01510, N/A
2FF52FC1, N/A
3002056B, N/A
30285D10, N/A
3042AEEF, N/A
30557862, N/A
305EBA66, N/A
30691EAC, N/A
3070B691, N/A
308E35D5, N/A
309D2D73, N/A
30AFF321, N/A
30BA5982, N/A
30C0A41D, N/A
30F1E3FD, N/A
30F5AE9B, N/A
310AC088, N/A
31118D48, N/A
3152B773, N/A
3164E07F, N/A
3185AFCE, N/A
319337E2, N/A
31AB588C, N/A
31B1F046, N/A
31C15505, N/A
31F140B4, N/A
322106D3, N/A
32410B8F, N/A
3262FBF0, N/A
3276DBB7, N/A
32828485, N/A
3282F2B5, N/A
32A11A46, N/A
32AF9120, N/A
32BD86F0, N/A
32C86CA7, N/A
33073533, N/A
3307A07B, N/A
331F50DF, N/A
3324050B, N/A
332AD4CC, N/A
332BF43C, N/A
333D1302, N/A
33422F70, N/A
3359E927, N/A
335CC942, N/A
337C6AF2, N/A
338887E8, N/A
33D1798F, N/A
33E9BE8E, N/A
34275C5D, N/A
342C9279, N/A
342FAC7E, N/A
3497BC6A, N/A
34A65CBD, N/A
34B977E2, N/A
34D77920, N/A
34F116C8, N/A
351D8FEF, N/A
35298717, N/A
352D3187, N/A
352D8841, N/A
353BBECD, N/A
354EE119, N/A
354F93FB, N/A
35570DE3, N/A
357C3BA9, N/A
359DC950, N/A
35BB320F, N/A
35C00F0E, N/A
35C2499B, N/A
35C6F38A, N/A
35D20516, N/A
35E8486C, N/A
35EA4648, N/A
35FC91A6, N/A
3601C557, N/A
360866B3, N/A
361743B5, N/A
36238D58, N/A
3626F286, N/A
365378C7, N/A
36967FDE, N/A
36AAB4ED, N/A
36B91630, N/A
36DCED5D, N/A
36DCFA9D, N/A
36EFF8BD, N/A
36F95F6C, N/A
37072941, N/A
370CD0E1, N/A
37155991, N/A
37167C79, N/A
3735715B, N/A
3738F718, N/A
3771652A, N/A
37B5CAB1, N/A
37D05960, N/A
37D3E214, N/A
37D448C1, N/A
37EA5AD9, N/A
3814CCF0, N/A
3817E223, N/A
382718E1, N/A
3829B6AE, N/A
38406F7A, N/A
38685520, N/A
386A89F6, N/A
388BB707, N/A
38AE668E, N/A
38C515F8, N/A
38CAED7B, N/A
38DB5A68, N/A
391BB6FA, N/A
391C3C37, N/A
3928D0BC, N/A
393AA209, N/A
39458896, N/A
3949E6E6, N/A
396044B9, N/A
396DEACB, N/A
39A8B181, N/A
39A995CF, N/A
39CC6E68, N/A
39D89271, N/A
39E44797, N/A
3A0D9527, N/A
3A1530AB, N/A
3A36F10A, N/A
3A59D998, N/A
3A73EB21, N/A
3A91720D, N/A
3A96C10C, N/A
3A98F0AD, N/A
3ABC3437, N/A
3AC99059, N/A
3ACD209F, N/A
3ADC3D13, N/A
3ADDE640, N/A
3AE00A37, N/A
3AEBEDA2, N/A
3AFD9B25, N/A
3AFE70F9, N/A
3B0192C1, N/A
3B349362, N/A
3B363BCA, N/A
3B551051, N/A
3B6EE2B7, N/A
3B888342, N/A
3BF4067D, N/A
3C0AABCE, N/A
3C25570A, N/A
3C26D198, N/A
3C48739F, N/A
3C49BD03, N/A
3C644A89, N/A
3C6A59F6, N/A
3C77EB18, N/A
3C7DBBCA, N/A
3CB02B91, N/A
3CB4E984, N/A
3CC558E5, N/A
3CEDDA3B, N/A
3D131607, N/A
3D1BD03A, N/A
3D1E92C8, N/A
3D2BB79F, N/A
3D31A040, N/A
3D6BF338, N/A
3D6C3A68, N/A
3D7EF09C, N/A
3D9201B4, N/A
3DB0B049, N/A
3DB3D1D6, N/A
3DCCC9ED, N/A
3DEFF5B4, N/A
3DF852D3, N/A
3DF9F6DE, N/A
3E3940FA, N/A
3E3CCF0C, N/A
3E4401E8, N/A
3E5C2DF1, N/A
3E814FB0, N/A
3EB6680E, N/A
3ED8AF36, N/A
3EDE29DD, N/A
3EF56152, N/A
3EFC52DE, N/A
3F06DEC0, N/A
3F20D7D2, N/A
3F22AE21, N/A
3F302ED8, N/A
3F374297, N/A
3F683827, N/A
3F7BD51D, N/A
3F7D5E0A, N/A
3F919D33, N/A
3F92E332, N/A
3F9EC553, N/A
3FA0931D, N/A
3FA0D50E, N/A
3FB50384, N/A
3FBB7651, N/A
3FD0156C, N/A
3FD9C7A9, N/A
3FDA116D, N/A
3FE6CA23, N/A
3FF5EF95, N/A
4003D756, N/A
400E7D17, N/A
404FEA29, N/A
405E37F3, N/A
407E184C, N/A
40865924, N/A
40877716, N/A
4092A399, N/A
4099EC8D, N/A
409D3F11, N/A
40AACFF6, N/A
40AC0372, N/A
40B14C7E, N/A
40BA931A, N/A
40BC00E1, N/A
40C71719, N/A
40CEEAE8, N/A
40DA3D88, N/A
40E7ACB4, N/A
40EA753E, N/A
41090CE8, N/A
412180D3, N/A
412380CD, N/A
41430518, N/A
4153B6C8, N/A
4157309F, N/A
41637E0E, N/A
416B39FB, N/A
41891A57, N/A
41938CFE, N/A
41AD24D4, N/A
41B3D2DA, N/A
41B5E36C, N/A
41BBB73E, N/A
41E7159C, N/A
420601EB, N/A
420FFF0A, N/A
4213F69E, N/A
4227DBDA, N/A
424B44FA, N/A
426783BF, N/A
42789DC4, N/A
428B9FC4, N/A
429D00F9, N/A
42A043F1, N/A
42A75985, N/A
42D782A6, N/A
42DB3FFD, N/A
432CED78, N/A
4333383D, N/A
4338FED5, N/A
433B1749, N/A
4358FD65, N/A
4361E626, N/A
436E04C9, N/A
438C7357, N/A
43A0ED71, N/A
43A16C2B, N/A
43AE085A, N/A
43D14192, N/A
43D184A9, N/A
43D94A7D, N/A
43E2AA0F, N/A
441190F0, N/A
4418C132, N/A
44233934, N/A
44260A0C, N/A
44420373, N/A
4443ECAD, N/A
44531843, N/A
4459DB01, N/A
44A7CD9F, N/A
44AAD87E, N/A
44BB1696, N/A
44C99750, N/A
44CDDD49, N/A
4515C40D, N/A
4554ABF1, N/A
45561961, N/A
4573D30C, N/A
4594C65E, N/A
45A2FCC6, N/A
45B22BD9, N/A
45B2BAB8, N/A
45C56C3B, N/A
45C6E995, N/A
45CA0EBE, N/A
45EB6D3F, N/A
45F1A388, N/A
45F6ECC3, N/A
4652818C, N/A
46562068, N/A
4660832B, N/A
4667A64E, N/A
46713270, N/A
467E0913, N/A
46A984E4, N/A
46B246B4, N/A
46E08F0A, N/A
46EEF28E, N/A
4723E094, N/A
4736F464, N/A
47416E82, N/A
475005D5, N/A
476151E2, N/A
476CCBE6, N/A
4784161F, N/A
4785CF30, N/A
479BDB48, N/A
47AA8444, N/A
47C1F342, N/A
47D9B625, N/A
47E1781C, N/A
47E36E2C, N/A
47E76A26, N/A
47F2FEDE, N/A
47FA772B, N/A
47FDCDD2, N/A
480BCC63, N/A
482CDBED, N/A
482F9C3C, N/A
48382539, N/A
4863E63C, N/A
4864A849, N/A
48663E64, N/A
487DA038, N/A
489409D1, N/A
48B39E49, N/A
48BB6EE2, N/A
48CEBBB6, N/A
48D65BEC, N/A
49192F73, N/A
4922B492, N/A
493B0749, N/A
49592351, N/A
496641CD, N/A
4976528D, N/A
499609D2, N/A
49CFFEAB, N/A
49D56325, N/A
49ED9C29, N/A
49F2F2B0, N/A
49F7955A, N/A
4A093108, N/A
4A0D3E2E, N/A
4A1C4065, N/A
4A360B1E, N/A
4A3D7532, N/A
4A4654F9, N/A
4A46B2E7, N/A
4A4C6638, N/A
4A53D14C, N/A
4A79D601, N/A
4A894399, N/A
4A947F21, N/A
4A96655A, N/A
4AC37051, N/A
4AD5330B, N/A
4ADCFADB, N/A
4AE75713, N/A
4AF739C2, N/A
4B062861, N/A
4B0856A5, N/A
4B159291, N/A
4B48AA91, N/A
4B6D7092, N/A
4B7664AB, N/A
4B82BE57, N/A
4B839596, N/A
4B9862C9, N/A
4BA8B82D, N/A
4BE42AE7, N/A
4C1BA0B2, N/A
4C2D4E07, N/A
4C306B1A, N/A
4C333963, N/A
4C36BCC3, N/A
4C52F556, N/A
4C53A4E6, N/A
4C58EAB7, N/A
4C73ADB5, N/A
4C76FA6D, N/A
4CA363ED, N/A
4CA5E9BB, N/A
4CAED1B7, N/A
4CCBBFCA, N/A
4CD7A44A, N/A
4CE2C731, N/A
4D12A50E, N/A
4D3D665B, N/A
4D43C581, N/A
4D459BD7, N/A
4D475080, N/A
4D5E07BF, N/A
4D7FDDC7, N/A
4D832C7B, N/A
4D901272, N/A
4DC365A0, N/A
4DD4D291, N/A
4DE15273, N/A
4DEA7F48, N/A
4DEC3D6E, N/A
4E29AE1A, N/A
4E480A15, N/A
4E4B6396, N/A
4E5A43E3, N/A
4E66C5E2, N/A
4E69A356, N/A
4E775882, N/A
4EA50E53, N/A
4EA5F639, N/A
4EB6FB72, N/A
4EC37567, N/A
4EECD432, N/A
4EF3D9E1, N/A
4F00BDD2, N/A
4F1E34E2, N/A
4F2C41CD, N/A
4F344505, N/A
4F6799B5, N/A
4F75B51C, N/A
4F7EBB93, N/A
4F861CB3, N/A
4F8F73E5, N/A
4F9828A3, N/A
4FA6B85D, N/A
4FE8EAB6, N/A
4FF25313, N/A
500815C3, N/A
5013ED30, N/A
504E15E4, N/A
50731386, N/A
508862BE, N/A
5094068C, N/A
50C69F94, N/A
50D7874C, N/A
50EB2F1A, N/A
510617D6, N/A
510E6F9B, N/A
5110EC43, N/A
511F6120, N/A
511FEC01, N/A
51329430, N/A
5144AFB3, N/A
514EF3F5, N/A
51639597, N/A
5178F207, N/A
518E8069, N/A
51A94D0B, N/A
51B63BD6, N/A
51C43FB3, N/A
51CABA98, N/A
51DBF288, N/A
51ECBE60, N/A
51F6D7E4, N/A
52157A7A, N/A
522E454A, N/A
52326C31, N/A
5256B9C6, N/A
5259B322, N/A
526640D9, N/A
5271F52D, N/A
52A20668, N/A
52A64439, N/A
52B28679, N/A
52B41E6D, N/A
52E64E47, N/A
53222441, N/A
5342DB13, N/A
5376F269, N/A
537B9B9E, N/A
53BFB779, N/A
53D62B9A, N/A
53E591A4, N/A
53E7D284, N/A
53E84AEF, N/A
54053299, N/A
543A9538, N/A
543B6B57, N/A
544343E5, N/A
5455FAC6, N/A
547D9847, N/A
547FDB39, N/A
549C2C51, N/A
54A035B5, N/A
54A0B215, N/A
54BB4FE7, N/A
54D710EB, N/A
54E32FB9, N/A
550C24A5, N/A
55260B76, N/A
552EFB19, N/A
5538C42C, N/A
5556C513, N/A
5566DD37, N/A
556D3F86, N/A
558BBCDC, N/A
559519F6, N/A
55A323E6, N/A
55E91BB6, N/A
55EA0A3A, N/A
55F40171, N/A
5612D5C4, N/A
561B6DBC, N/A
561E2FE3, N/A
565A39D4, N/A
566631B7, N/A
566E9B3E, N/A
567AF4DE, N/A
56840A1F, N/A
569FCAED, N/A
56C6353F, N/A
56D053CE, N/A
56D9A08E, N/A
57216848, N/A
57316083, N/A
5745F696, N/A
574D08AC, N/A
5767A45E, N/A
576A1360, N/A
576EE187, N/A
57825A29, N/A
5785D54E, N/A
57BA0190, N/A
57C4111D, N/A
57D655AD, N/A
57E3881C, N/A
57FDF4BC, N/A
580228BC, N/A
581570BA, N/A
5819C2C1, N/A
5829096C, N/A
582D9F8F, N/A
583C361D, N/A
5898CAE1, N/A
58E31633, N/A
591AA2E8, N/A
59630E4D, N/A
59692A92, N/A
59797D2F, N/A
598AB727, N/A
59A115C1, N/A
59B47EDB, N/A
59C3CC50, N/A
59DAADC5, N/A
59DBB5D2, N/A
59FBC41F, N/A
5A05EB69, N/A
5A315069, N/A
5A3707C8, N/A
5A4077FD, N/A
5A48F10A, N/A
5A4B8405, N/A
5A4F9C3E, N/A
5A6D25FB, N/A
5A77D9E6, N/A
5A7E1542, N/A
5A8EE43E, N/A
5A99FC08, N/A
5A9D0EBE, N/A
5AB1F7AC, N/A
5ACB5130, N/A
5AE11DF3, N/A
5AE4AF5E, N/A
5AE8675B, N/A
5AF1F1D0, N/A
5AF517FE, N/A
5B2651F2, N/A
5B2E567E, N/A
5B44454A, N/A
5B46C3D2, N/A
5B60E813, N/A
5B758846, N/A
5B97FA06, N/A
5B9AB209, N/A
5B9FA57C, N/A
5BAA5CE9, N/A
5BB52DEC, N/A
5BB9A817, N/A
5BBBCC02, N/A
5BCB13EE, N/A
5BD152E9, N/A
5BD74166, N/A
5BD8E8E6, N/A
5BF52E27, N/A
5C0EDC61, N/A
5C2EBBD3, N/A
5C57AB57, N/A
5C5ADDBE, N/A
5C6278B7, N/A
5C703862, N/A
5C70B989, N/A
5C7AD517, N/A
5C89F701, N/A
5C8C2075, N/A
5C91B28E, N/A
5C9390A5, N/A
5C967329, N/A
5C97BD30, N/A
5CB9ED69, N/A
5CBE813F, N/A
5CD2D4AA, N/A
5D089EB6, N/A
5D14C945, N/A
5D3B9040, N/A
5D3F9849, N/A
5D56BF0C, N/A
5D633127, N/A
5D71EE31, N/A
5D7497C6, N/A
5D752884, N/A
5D845CC2, N/A
5D95049E, N/A
5DAE1E35, N/A
5DAE9927, N/A
5DB5FE78, N/A
5DBAF065, N/A
5DBEB10F, N/A
5DBEDE02, N/A
5DC34718, N/A
5DC34814, N/A
5DC4CA76, N/A
5DD25DBA, N/A
5DDB29B8, N/A
5DDC3711, N/A
5DDE3529, N/A
5DE09754, N/A
5DE7AFE7, N/A
5DEBA99F, N/A
5DF6E135, N/A
5E04C6A1, N/A
5E1BC440, N/A
5E26A2A5, N/A
5E286E69, N/A
5E31D26E, N/A
5E3F042C, N/A
5E427904, N/A
5E4A73DE, N/A
5E756553, N/A
5E87165F, N/A
5E8C6F4D, N/A
5E99EFF1, N/A
5EACF59B, N/A
5ED70D3C, N/A
5EE418A4, N/A
5EFD65ED, N/A
5F030948, N/A
5F03FB03, N/A
5F07D680, N/A
5F3548D8, N/A
5F4CA7D8, N/A
5F5A826C, N/A
5F81DA70, N/A
5FB6D29D, N/A
5FBCE770, N/A
5FCF46D2, N/A
5FD022AE, N/A
5FE91223, N/A
6000F8B7, N/A
60152994, N/A
6029A8EF, N/A
604115BC, N/A
605E8970, N/A
6063048D, N/A
607D86D0, N/A
6089FD3D, N/A
6092F9E0, N/A
609B720B, N/A
60A550FC, N/A
60ABB3AF, N/A
60BCE674, N/A
60BD40D6, N/A
60BD8CF6, N/A
60C7149E, N/A
60CF4934, N/A
60E628EB, N/A
60E6CD09, N/A
60EC8F2F, N/A
6105DA5C, N/A
6173DC42, N/A
61768D14, N/A
61CA88F6, N/A
61D0513D, N/A
61E25705, N/A
61F2E386, N/A
62030719, N/A
62265787, N/A
62363E46, N/A
62395F5D, N/A
623E960B, N/A
625186AF, N/A
625946AA, N/A
625AEDDC, N/A
6273D10F, N/A
62A74309, N/A
62B21F02, N/A
62B8ED9B, N/A
62C6760C, N/A
62D71AC2, N/A
62E80014, N/A
62F2E3D4, N/A
63121DCF, N/A
633851B6, N/A
635376AC, N/A
635DA036, N/A
6361BB6D, N/A
63658F06, N/A
637A3764, N/A
638541A5, N/A
63921A4E, N/A
639A4997, N/A
63A58F4A, N/A
63D0B555, N/A
63D80206, N/A
6402C75E, N/A
642BF611, N/A
64389377, N/A
644ADC01, N/A
644BBDD0, N/A
64759FD1, N/A
649099ED, N/A
6498DF61, N/A
64EBA466, N/A
64EEFA99, N/A
64FE2EA4, N/A
65164B3E, N/A
6519699B, N/A
6523759E, N/A
6523E4F2, N/A
6528517E, N/A
652FA432, N/A
6549E059, N/A
656ABA9D, N/A
65B57BE5, N/A
65CA9599, N/A
65CE2851, N/A
65F87154, N/A
660B6F46, N/A
660C3E47, N/A
663CE7E5, N/A
6676D479, N/A
667F4FC1, N/A
6697832A, N/A
66ADEDA1, N/A
66B309AC, N/A
66C0C2DD, N/A
66D96F5C, N/A
66DC6157, N/A
66DF87F9, N/A
671C3316, N/A
6725A40E, N/A
673ADEBC, N/A
6751FF10, N/A
67654350, N/A
67695221, N/A
6771DC2B, N/A
6771F33D, N/A
6784A862, N/A
678CFF86, N/A
6790B0BD, N/A
679AF128, N/A
67C4FCF1, N/A
67C7771C, N/A
68082F16, N/A
6819C87B, N/A
68248875, N/A
683AFA78, N/A
6876A748, N/A
687E19A2, N/A
688B452C, N/A
68A5A1BF, N/A
68B1EC07, N/A
68CBFA17, N/A
68CEF10F, N/A
68D1ECF9, N/A
68FD8535, N/A
6901A0EF, N/A
690266E3, N/A
69188CB6, N/A
692F78AB, N/A
69465A96, N/A
69527CF6, N/A
695C8004, N/A
6962CCDB, N/A
697E5373, N/A
6986A483, N/A
69997593, N/A
69A8210B, N/A
69BCD8E4, N/A
69C2A976, N/A
69D55ACC, N/A
69D708BB, N/A
69D9A19D, N/A
69DAD039, N/A
6A08AB02, N/A
6A0BA531, N/A
6A3431B5, N/A
6A37CC47, N/A
6A3C4605, N/A
6A40F600, N/A
6A53F8C7, N/A
6A937854, N/A
6A9A5532, N/A
6A9F6431, N/A
6AA931B6, N/A
6ABE7D7A, N/A
6AC2C243, N/A
6AC768DE, N/A
6AD13EEA, N/A
6AD49FD7, N/A
6AFDCF16, N/A
6B0F10D8, N/A
6B163A1A, N/A
6B20FF1C, N/A
6B268BA4, N/A
6B30461C, N/A
6B4D9ACA, N/A
6B535939, N/A
6B5369D4, N/A
6B56DEB9, N/A
6B629DBE, N/A
6B6801BD, N/A
6B68221F, N/A
6B75C3C1, N/A
6B7C7D86, N/A
6B9BD86E, N/A
6BA16FF2, N/A
6BA9F144, N/A
6BB89694, N/A
6C04CC8B, N/A
6C2B2423, N/A
6C361AE3, N/A
6C43BD5F, N/A
6C613E91, N/A
6C68CB17, N/A
6C70BCF5, N/A
6C7B8CE4, N/A
6C7EE380, N/A
6C7F44B7, N/A
6C8FD5A1, N/A
6C95EA69, N/A
6CAF8098, N/A
6CB57812, N/A
6CB9097B, N/A
6CC06EEA, N/A
6CD3E4CC, N/A
6CF2ADD1, N/A
6CFCDEC0, N/A
6D047768, N/A
6D107891, N/A
6D1E7EE1, N/A
6D32C633, N/A
6D3EF5C4, N/A
6D4304BF, N/A
6D640A54, N/A
6D9135D6, N/A
6DA858CF, N/A
6E116D52, N/A
6E1A2648, N/A
6E39E8CB, N/A
6E44EB4D, N/A
6E7CCA74, N/A
6E90DD7D, N/A
6E91DC60, N/A
6EEE4FBF, N/A
6F1C31AD, N/A
6F2D1586, N/A
6F3C3AD1, N/A
6FA954AC, N/A
6FC2458E, N/A
700BDA14, N/A
70341E18, N/A
70453DA1, N/A
704F0652, N/A
70562E7C, N/A
7058435C, N/A
7058DF23, N/A
705C45D2, N/A
707C8CDD, N/A
707DA06D, N/A
70888397, N/A
7095FEC3, N/A
70AB87EA, N/A
70AF54E6, N/A
70B56EE6, N/A
70C5AD95, N/A
70E0C7BA, N/A
70E45B47, N/A
70E76EFC, N/A
70F8C927, N/A
70FD1997, N/A
70FE2E36, N/A
70FF13D4, N/A
7104F817, N/A
7108ECE0, N/A
710E027F, N/A
71273263, N/A
712BDAF2, N/A
71334683, N/A
713A2AB2, N/A
715469D8, N/A
7158EE8B, N/A
7160F769, N/A
717A78DC, N/A
7186DD1C, N/A
718D3AD6, N/A
719E981B, N/A
71C3426D, N/A
71D3C0F4, N/A
71D9739C, N/A
71EF3CA4, N/A
71F08422, N/A
71F25162, N/A
7292116E, N/A
72CD9D3F, N/A
72D77B4A, N/A
72D7CA9E, N/A
72D96E65, N/A
72DF1828, N/A
7300262A, N/A
731E0121, N/A
73305E4B, N/A
733A8531, N/A
7356D625, N/A
738AADFB, N/A
738D8998, N/A
738D89E1, N/A
7399B635, N/A
73A96984, N/A
73ABFB05, N/A
73ADA147, N/A
73B78D2A, N/A
73C8D015, N/A
73CE96D2, N/A
73DBE032, N/A
73E4C3ED, N/A
73E6B245, N/A
73FA75E2, N/A
7438CA3E, N/A
743B15A6, N/A
743B7433, N/A
743FFC5B, N/A
744632A8, N/A
74564497, N/A
74679F65, N/A
746978B9, N/A
74B9C9DA, N/A
74DE05AA, N/A
74E16D3C, N/A
74E354A1, N/A
74F86711, N/A
7514053C, N/A
7514102A, N/A
752471C2, N/A
757086FD, N/A
75B4BB05, N/A
75C0C304, N/A
75E0D66E, N/A
760DBD14, N/A
761CAF1E, N/A
76236DBA, N/A
7634ADA4, N/A
7649E446, N/A
764A8EC7, N/A
765279F0, N/A
76554C9F, N/A
767C4956, N/A
76822816, N/A
76AC54E8, N/A
76B04495, N/A
76E60F03, N/A
76FA48C2, N/A
76FD4CE8, N/A
7702FB14, N/A
770D6CDB, N/A
7714C5DE, N/A
771D32B1, N/A
77242EC2, N/A
7731DE3F, N/A
77577A15, N/A
7759B5C3, N/A
77679385, N/A
776A74B6, N/A
7779DEEB, N/A
77B08A61, N/A
77B7FF8C, N/A
77BDCBEF, N/A
77FBFDC6, N/A
783169A0, N/A
78596A82, N/A
786F3480, N/A
78970EF2, N/A
78A140A3, N/A
78A7D820, N/A
78AE1BAB, N/A
78EFB503, N/A
790363EB, N/A
7918D260, N/A
792778EE, N/A
792A562E, N/A
792C04D2, N/A
7930BC42, N/A
79501B77, N/A
79672D64, N/A
796CBB06, N/A
7970CE44, N/A
799F4FEA, N/A
79A27A47, N/A
79AC5B45, N/A
79AF781A, N/A
79B11DB3, N/A
79CA545A, N/A
79FA619C, N/A
7A0217A9, N/A
7A095166, N/A
7A1F2EB3, N/A
7A2ADDED, N/A
7A2FCE43, N/A
7A404E56, N/A
7A63BEC3, N/A
7A7C9915, N/A
7A80514F, N/A
7AA7364B, N/A
7AB18AD6, N/A
7AB79D88, N/A
7AD04E17, N/A
7AD99AB1, N/A
7AF6509D, N/A
7AFAC20C, N/A
7AFFE568, N/A
7B248738, N/A
7B2BA5DB, N/A
7B32776E, N/A
7B5125B3, N/A
7B562F09, N/A
7B6BE428, N/A
7BAC6A4E, N/A
7BAEBA18, N/A
7BB19AE0, N/A
7BC3ECFC, N/A
7BDD8191, N/A
7BF8B2E4, N/A
7BF99F74, N/A
7C1CB891, N/A
7C322391, N/A
7C446DC6, N/A
7C5B7034, N/A
7C5CD0AE, N/A
7C66ED6F, N/A
7C78705A, N/A
7C8CC503, N/A
7C8CE224, N/A
7C9AD479, N/A
7CA791AA, N/A
7CAAB050, N/A
7CD41F33, N/A
7CE34015, N/A
7CF44ADF, N/A
7CF5BA2A, N/A
7D0091DE, N/A
7D322441, N/A
7D34796D, N/A
7D46B46B, N/A
7D5017C9, N/A
7D637DA4, N/A
7D662124, N/A
7D781CE6, N/A
7D82558F, N/A
7D97C6D7, N/A
7DA3C292, N/A
7DAAAE29, N/A
7DC2F3FB, N/A
7DCD1027, N/A
7DD29343, N/A
7DD41E3E, N/A
7E13BAA9, N/A
7E1FE7F9, N/A
7E5A0BAC, N/A
7E6096F3, N/A
7E6E8835, N/A
7E7CB22B, N/A
7E8F85F2, N/A
7E9648BB, N/A
7E9DF78C, N/A
7E9FB507, N/A
7EB38F2B, N/A
7EB3F226, N/A
7EB65D0D, N/A
7EC6FE2A, N/A
7EC71C69, N/A
7ED72B91, N/A
7EDB811B, N/A
7EDE1648, N/A
7EE254B4, N/A
7EE40F45, N/A
7F0363C5, N/A
7F0DDBB5, N/A
7F2FE530, N/A
7F36C05E, N/A
7F6FC96D, N/A
7F702D66, N/A
7F7924CA, N/A
7F9CA90F, N/A
7FA005E4, N/A
7FCD7E24, N/A
7FDB6886, N/A
7FE17913, N/A
7FE8A3E0, N/A
7FEC8B1F, N/A
7FF28B8A, N/A
8004B1BD, N/A
802179BB, N/A
8050AF08, N/A
8051A462, N/A
809462A2, N/A
80A6CC32, N/A
80AD81F5, N/A
80B1A5F6, N/A
80E53F48, N/A
80E8B547, N/A
81060D8D, N/A
810753DD, N/A
815125E5, N/A
818DB442, N/A
81C607E9, N/A
81F083E2, N/A
82083656, N/A
82163A11, N/A
828726CE, N/A
82885976, N/A
828E23DE, N/A
828F35F2, N/A
82989C45, N/A
829EB29E, N/A
82BAA5BC, N/A
82BC80C2, N/A
82FE29A8, N/A
832C3A4B, N/A
832E38F1, N/A
83377B7D, N/A
834B9491, N/A
83712DDB, N/A
83867090, N/A
8386A43D, N/A
838B1BA6, N/A
83975918, N/A
8399EB2A, N/A
83A4BA19, N/A
83B9B7A0, N/A
83CCEC5B, N/A
83D10422, N/A
83F1573E, N/A
841525A0, N/A
841A8DFF, N/A
841B307C, N/A
843391E4, N/A
843921CE, N/A
845ED00E, N/A
8463AA7B, N/A
846A3348, N/A
8487F31F, N/A
8496114B, N/A
849DABA0, N/A
84A8AAA6, N/A
84AB74DE, N/A
84BA5D33, N/A
84C50E4B, N/A
84CB13D8, N/A
84CB6A46, N/A
84DAE6B4, N/A
84DD0E91, N/A
84E14A67, N/A
84E42246, N/A
85227AEB, N/A
8524EA10, N/A
852C7046, N/A
8530B547, N/A
85365036, N/A
854CD6B8, N/A
8552E1F1, N/A
8568B5A1, N/A
858AFC8A, N/A
858CB362, N/A
85966B46, N/A
85AD9C04, N/A
85EA1885, N/A
85F126DF, N/A
85F47ED7, N/A
86002751, N/A
8608F075, N/A
8610CFC6, N/A
8621386A, N/A
86488D41, N/A
865B03FA, N/A
8661B27E, N/A
866A2FF5, N/A
866E163B, N/A
8689AEDD, N/A
868FF99D, N/A
8690290B, N/A
86B69A3E, N/A
86CD933F, N/A
86D36EC7, N/A
87018F61, N/A
87089166, N/A
870C52E5, N/A
8714B5BC, N/A
873D9694, N/A
875E42B5, N/A
877A5E40, N/A
879D7882, N/A
87AB9DD1, N/A
87B1BEAC, N/A
87BFE843, N/A
87C9C3E3, N/A
87E13066, N/A
87E131FE, N/A
87FAB032, N/A
87FF911F, N/A
88051108, N/A
880B24B9, N/A
8832C5CE, N/A
8832D76C, N/A
88401B38, N/A
884E46C4, N/A
885BC37A, N/A
8874925D, N/A
88759815, N/A
8881E00D, N/A
888FA22A, N/A
889D6170, N/A
88BCA7C6, N/A
88C42D1D, N/A
88C98E0F, N/A
88D85E76, N/A
88DE03E0, N/A
88F29D84, N/A
88F2DB75, N/A
88F470E7, N/A
890536B8, N/A
890548E4, N/A
89168C87, N/A
89174668, N/A
8957715A, N/A
89702A0D, N/A
897E6DDA, N/A
898053C4, N/A
89821F52, N/A
8996754A, N/A
8999465A, N/A
899AAFE4, N/A
89BA8D26, N/A
89CABB3B, N/A
89D82AE9, N/A
89E16589, N/A
89F8ABA4, N/A
8A0176C9, N/A
8A65E923, N/A
8A66E68E, N/A
8A7AB6CE, N/A
8A8BDE3C, N/A
8A9B01C3, N/A
8A9E1972, N/A
8AA9A4A8, N/A
8ABF916F, N/A
8AC02962, N/A
8ACB5B28, N/A
8ADE9E40, N/A
8AE404D5, N/A
8AE7D668, N/A
8B15975C, N/A
8B16986E, N/A
8B1E545D, N/A
8B40320A, N/A
8B5C8EFB, N/A
8B692E30, N/A
8B7BA07A, N/A
8B7E089A, N/A
8BA08651, N/A
8BAE12B0, N/A
8BC75473, N/A
8BCED76F, N/A
8BD3A14B, N/A
8BF7D4E4, N/A
8BFE24FE, N/A
8BFF6C7F, N/A
8C181B39, N/A
8C1E5EFC, N/A
8C1F91A9, N/A
8C2531DE, N/A
8C6A9ADF, N/A
8C73047A, N/A
8C77E222, N/A
8C7E1F1F, N/A
8CAE1FDC, N/A
8CB63231, N/A
8CB6C48F, N/A
8CBE9822, N/A
8CC00C78, N/A
8CC04A8E, N/A
8CC1BAD9, N/A
8CF01B33, N/A
8CF83C01, N/A
8CFA150E, N/A
8D01FE25, N/A
8D0418F7, N/A
8D177DBA, N/A
8D26F06A, N/A
8D33C84E, N/A
8D34FFDF, N/A
8D59B09D, N/A
8D69D751, N/A
8D6F3F9E, N/A
8DA898F0, N/A
8DC46B69, N/A
8DD458BC, N/A
8DD8CB28, N/A
8DDDE313, N/A
8E07D412, N/A
8E1E413E, N/A
8E2DB5F7, N/A
8E3D03B5, N/A
8E468ED1, N/A
8E523506, N/A
8E8B0406, N/A
8E8FBBF8, N/A
8E9CA5C5, N/A
8EA736DC, N/A
8EAB28B8, N/A
8EBC257A, N/A
8EBEB779, N/A
8ED51025, N/A
8EFB4A5C, N/A
8EFE496E, N/A
8F500EA0, N/A
8F57256D, N/A
8F70F086, N/A
8F782357, N/A
8F7D5784, N/A
8FBA84E6, N/A
8FBC150B, N/A
8FBC285F, N/A
900FDDB0, N/A
90119470, N/A
904E18DB, N/A
90838BE6, N/A
90A4CE09, N/A
90C1CBDF, N/A
90E1F706, N/A
90E96230, N/A
91212CB6, N/A
91255CCA, N/A
912C9001, N/A
913A5ABF, N/A
91568E78, N/A
91A72EC4, N/A
91A94426, N/A
91AD8B19, N/A
91B4D548, N/A
91C740BC, N/A
91D71370, N/A
91DF0E0C, N/A
91EEA325, N/A
91EFE48E, N/A
91F3B63D, N/A
9214D627, N/A
92209289, N/A
92479965, N/A
924CEBFA, N/A
925729E9, N/A
927094AA, N/A
9274E557, N/A
927A1046, N/A
929F1443, N/A
92A15AE8, N/A
92A4A242, N/A
92BDAB20, N/A
92C13AC6, N/A
92DE15A0, N/A
92E298EF, N/A
92FACC87, N/A
933A1B70, N/A
9343ADDE, N/A
934657B4, N/A
934C0698, N/A
93577A95, N/A
93907ACF, N/A
93991CDD, N/A
93A204BD, N/A
93B40A8C, N/A
93C1A2AD, N/A
93DEF55F, N/A
93E60229, N/A
93EDE17D, N/A
93F1D540, N/A
93F49971, N/A
93FBE76A, N/A
940EEB3B, N/A
94106D66, N/A
941EC7BE, N/A
9466F0DC, N/A
94672A2A, N/A
946AA91D, N/A
947E4A83, N/A
9489816D, N/A
948C109C, N/A
94983906, N/A
94A5E638, N/A
94AAD12F, N/A
94B8B656, N/A
94CC601D, N/A
950A0D4D, N/A
950DACE4, N/A
953D7942, N/A
95417FF7, N/A
95427262, N/A
955D10CD, N/A
9564A554, N/A
9589DD61, N/A
958E50BE, N/A
95A1A656, N/A
95AE2E29, N/A
95B166DF, N/A
95D502C6, N/A
95DF33CE, N/A
95DF7ECD, N/A
95E308BA, N/A
95E40AC0, N/A
960399CB, N/A
96058974, N/A
963F793B, N/A
964174F9, N/A
964F6759, N/A
9656FA7D, N/A
96837649, N/A
9686BA14, N/A
9688FB93, N/A
96AB797C, N/A
96B95971, N/A
96E97B9E, N/A
97111CA0, N/A
9729A8F0, N/A
973D1298, N/A
976BF19E, N/A
979AB3CB, N/A
97A98714, N/A
981FBAEC, N/A
9826F802, N/A
98520DF9, N/A
986B4018, N/A
98752BB9, N/A
988D5A4E, N/A
98AE9CAD, N/A
98B129EB, N/A
98C7778B, N/A
98E1D459, N/A
99254D76, N/A
99406F53, N/A
995CB516, N/A
99611934, N/A
9970269E, N/A
9971B297, N/A
997229F4, N/A
9976BC2A, N/A
9976E589, N/A
9982CCD2, N/A
999C30BE, N/A
99D36431, N/A
99EEFF9F, N/A
99EFBFD6, N/A
9A08B8D3, N/A
9A0A4A7B, N/A
9A15536A, N/A
9A376D58, N/A
9A5A92D1, N/A
9A702D02, N/A
9A7D8E99, N/A
9A90E6DC, N/A
9A914B01, N/A
9AAB1D00, N/A
9AB20571, N/A
9AE726B3, N/A
9AE76570, N/A
9AE8BCE1, N/A
9AEBAD88, N/A
9AECD01C, N/A
9B0FA312, N/A
9B11E386, N/A
9B2F805A, N/A
9B5749AB, N/A
9B62CDBD, N/A
9B68B58A, N/A
9B6CD7C7, N/A
9BB741A4, N/A
9BD926C7, N/A
9BE31B62, N/A
9C027BC8, N/A
9C123A73, N/A
9C1CE114, N/A
9C200BC4, N/A
9C2D8E42, N/A
9C37DAA0, N/A
9C480AB9, N/A
9C771E9E, N/A
9C785779, N/A
9C79F130, N/A
9C8D4B5B, N/A
9C93DC34, N/A
9CA510C7, N/A
9CAE2AFC, N/A
9CB93550, N/A
9CC8128C, N/A
9CC9F017, N/A
9CD6523F, N/A
9CDAC9C0, N/A
9CEEFBD0, N/A
9D27096D, N/A
9D2BE4AC, N/A
9D446C6B, N/A
9D451CC6, N/A
9D6B4DCE, N/A
9D751E7C, N/A
9D812041, N/A
9D99CC94, N/A
9D9D030F, N/A
9DA5D4C8, N/A
9DC0D3A6, N/A
9DFAABD2, N/A
9E18D40B, N/A
9E1A2013, N/A
9E2A316C, N/A
9E751299, N/A
9E89F85A, N/A
9E9EA087, N/A
9F0C7059, N/A
9F20D18E, N/A
9F427729, N/A
9F5FF128, N/A
9F64786E, N/A
9F6B675B, N/A
9FA1D797, N/A
9FACDABE, N/A
9FEAA98B, N/A
A016FF5B, N/A
A0186B26, N/A
A01D085D, N/A
A045CAE1, N/A
A0553E74, N/A
A0680BB7, N/A
A070B773, N/A
A076D623, N/A
A079AFB8, N/A
A07AF76E, N/A
A0867F60, N/A
A0B01071, N/A
A0B19AE0, N/A
A0C757A8, N/A
A0E19DD5, N/A
A0E6E51F, N/A
A0E922D6, N/A
A0ECE9E4, N/A
A10FB05B, N/A
A1101766, N/A
A11F32DF, N/A
A120B4C8, N/A
A137BC1E, N/A
A13D55A6, N/A
A1536AA4, N/A
A170ADA1, N/A
A18224F8, N/A
A1B263E1, N/A
A1BD2915, N/A
A1DC7286, N/A
A2102FBB, N/A
A23431E3, N/A
A23D25CC, N/A
A23EC331, N/A
A258A936, N/A
A2764AB0, N/A
A2867F52, N/A
A29AE710, N/A
A2ABD155, N/A
A2B993AB, N/A
A2ECA5DE, N/A
A301C80F, N/A
A302996B, N/A
A312495D, N/A
A330E2DB, N/A
A3C8742F, N/A
A3CA506F, N/A
A3CAE6B8, N/A
A3E7D1E9, N/A
A3E96C8E, N/A
A3FE58CE, N/A
A415BE52, N/A
A4423D4E, N/A
A459F28F, N/A
A45D9C08, N/A
A4617625, N/A
A47FEB4C, N/A
A48A7CE0, N/A
A4B72D47, N/A
A4C87890, N/A
A4D9D745, N/A
A4DE4495, N/A
A4E081C9, N/A
A4E56F85, N/A
A503A0D8, N/A
A52EE561, N/A
A54678A2, N/A
A546E9FE, N/A
A54CC132, N/A
A56DC772, N/A
A5A727C2, N/A
A5E0221B, N/A
A6152623, N/A
A61C54F9, N/A
A64D044E, N/A
A6518307, N/A
A65B1352, N/A
A67F0501, N/A
A684A47A, N/A
A68F059C, N/A
A69D9D21, N/A
A6A77D7A, N/A
A6A8D263, N/A
A6A9BC4F, N/A
A6B05CE1, N/A
A6B67ACB, N/A
A6BD88F3, N/A
A6E2ADB2, N/A
A726D464, N/A
A73B57A2, N/A
A752A2BC, N/A
A764186F, N/A
A76E0254, N/A
A77DAFCE, N/A
A783C42C, N/A
A7889283, N/A
A78EC647, N/A
A7936439, N/A
A7947530, N/A
A794A473, N/A
A7981A94, N/A
A79B76C8, N/A
A7BAE100, N/A
A7C1AAAC, N/A
A7D21004, N/A
A7E46EA2, N/A
A7E4BF08, N/A
A7FBDEEF, N/A
A803A3D0, N/A
A81140C7, N/A
A82C9E7E, N/A
A835E878, N/A
A8380F29, N/A
A86CE1CA, N/A
A86EA67D, N/A
A89A9412, N/A
A8A3E0F7, N/A
A8B28299, N/A
A8CF697B, N/A
A8DCABCD, N/A
A8DDA7F9, N/A
A8F462EA, N/A
A8F4FCB2, N/A
A8F9DAFA, N/A
A9157CBB, N/A
A917134E, N/A
A9216749, N/A
A9269A8E, N/A
A94AFEC8, N/A
A98B4A33, N/A
A998D5D0, N/A
A9A97E51, N/A
A9B82228, N/A
A9B84D67, N/A
A9F8B247, N/A
A9F9364B, N/A
AA166FF8, N/A
AA235C8C, N/A
AA3BA939, N/A
AA423214, N/A
AA5741B4, N/A
AA7C3656, N/A
AA921A57, N/A
AAB1568A, N/A
AAB449BD, N/A
AAB8FEA1, N/A
AB041114, N/A
AB132FF4, N/A
AB1C188D, N/A
AB1CE067, N/A
AB2497A9, N/A
AB2601CE, N/A
AB3B6F55, N/A
AB52EF36, N/A
AB6E973C, N/A
AB75FA5D, N/A
AB776C86, N/A
ABA25697, N/A
ABA525FA, N/A
ABA93A83, N/A
ABB40962, N/A
ABC9E4C6, N/A
ABCE83F7, N/A
ABDC36EC, N/A
ABE98556, N/A
ABF9D9AF, N/A
ABFD5D83, N/A
AC0532DC, N/A
AC0B10BE, N/A
AC19266A, N/A
AC1BBFAE, N/A
AC1C3244, N/A
AC405672, N/A
AC4AC0BE, N/A
AC86522F, N/A
ACA3AD45, N/A
ACA9B916, N/A
ACADFB85, N/A
ACB1A46B, N/A
ACE386A2, N/A
AD28F0C1, N/A
AD2E57F4, N/A
AD41AF38, N/A
AD48D4FA, N/A
AD5DB765, N/A
AD659F53, N/A
AD6A793C, N/A
AD9AF222, N/A
ADA04E87, N/A
ADA61FDB, N/A
ADAC6458, N/A
ADC78B42, N/A
ADD23553, N/A
ADD8388C, N/A
ADDB76A9, N/A
ADDF889C, N/A
ADE1233F, N/A
ADE95629, N/A
ADF330F9, N/A
AE43E05F, N/A
AE4562F7, N/A
AE517B51, N/A
AE54B581, N/A
AE738DFB, N/A
AE7ABA0C, N/A
AE95765E, N/A
AECD07C2, N/A
AEE895B1, N/A
AF17327B, N/A
AF31563F, N/A
AF490F76, N/A
AF53AED9, N/A
AF55654C, N/A
AF57E772, N/A
AF5E3D3E, N/A
AF63148B, N/A
AF6345E9, N/A
AF6D297C, N/A
AF819F2C, N/A
AF8E8704, N/A
AFE5378A, N/A
AFEFA59A, N/A
AFF03AAF, N/A
AFF3B654, N/A
B002EF72, N/A
B02F7E60, N/A
B0368640, N/A
B0403DF6, N/A
B041C0E8, N/A
B05A59BB, N/A
B0919026, N/A
B0A30177, N/A
B0AC7CD9, N/A
B0B7ADD2, N/A
B0C994D6, N/A
B0EADF78, N/A
B0EE983F, N/A
B0F08764, N/A
B106BAA8, N/A
B11A47EE, N/A
B1359AA2, N/A
B14F3345, N/A
B155F89C, N/A
B162F58C, N/A
B18260D1, N/A
B1B0C6BF, N/A
B1B1794A, N/A
B1C64D7F, N/A
B1C93803, N/A
B1FC8800, N/A
B206AAFE, N/A
B22EB34F, N/A
B23CFB57, N/A
B24CE8D7, N/A
B26B7B12, N/A
B278F01D, N/A
B29B19AF, N/A
B2BB8DDD, N/A
B2CA6977, N/A
B2CDF16B, N/A
B2E3DBB0, N/A
B2E412F5, N/A
B2FF48FA, N/A
B31F63AC, N/A
B3276522, N/A
B331FCEC, N/A
B332AD52, N/A
B338AC6C, N/A
B3512D3F, N/A
B3574C63, N/A
B36F935F, N/A
B36FC1E4, N/A
B37EC25E, N/A
B3962172, N/A
B3A827A6, N/A
B3AEF067, N/A
B3CC2FCA, N/A
B3CC7B60, N/A
B3CEC266, N/A
B3D4DE09, N/A
B4015D42, N/A
B439317B, N/A
B43E4062, N/A
B4905E29, N/A
B4924C93, N/A
B49D7ED3, N/A
B4AFBBA6, N/A
B4C4CB55, N/A
B4D0CF73, N/A
B4FE98D8, N/A
B5477441, N/A
B564394A, N/A
B5651B71, N/A
B571FAB4, N/A
B594082E, N/A
B595EE23, N/A
B5A9FFFF, N/A
B5BB283D, N/A
B5C0F593, N/A
B5D34136, N/A
B60696F3, N/A
B652FCB0, N/A
B678E329, N/A
B686846F, N/A
B6956C0D, N/A
B69E5D6E, N/A
B6A2A90F, N/A
B6BBCACB, N/A
B6C39BDB, N/A
B6CFE3E2, N/A
B6D58CE1, N/A
B6E478F6, N/A
B707E9BC, N/A
B70D8DDF, N/A
B71B2B03, N/A
B7344F30, N/A
B73D0304, N/A
B772FEE7, N/A
B785B622, N/A
B7879DD1, N/A
B7ADD87F, N/A
B7C4ABBE, N/A
B7CD05FA, N/A
B7CDD44A, N/A
B7E0B25A, N/A
B7E6C566, N/A
B7EB4AF6, N/A
B7EE2F88, N/A
B8043C11, N/A
B812281B, N/A
B8426A9E, N/A
B849A034, N/A
B8566BBA, N/A
B86F2E64, N/A
B87FCC82, N/A
B9114C96, N/A
B92E282A, N/A
B9339ACC, N/A
B9344FC8, N/A
B9452DF9, N/A
B9607AFA, N/A
B990E415, N/A
B9B71A4F, N/A
B9C0D00A, N/A
B9C3741E, N/A
B9DE2CFC, N/A
B9E293C4, N/A
B9E6F5B2, N/A
B9EDE242, N/A
BA0AD581, N/A
BA0D1808, N/A
BA10B1B7, N/A
BA35B799, N/A
BA4297D8, N/A
BA5686AD, N/A
BA708ED4, N/A
BA865BB7, N/A
BA93B61D, N/A
BA982552, N/A
BA9ED5BD, N/A
BAA20A17, N/A
BAAB5306, N/A
BAAE5499, N/A
BAB53FF9, N/A
BAB8A82D, N/A
BACB4A5C, N/A
BAE543BB, N/A
BAEE2BDF, N/A
BAF2D3A7, N/A
BAFE6B8E, N/A
BB12F1E4, N/A
BB614C91, N/A
BB67EF99, N/A
BB79211D, N/A
BB9BFBF5, N/A
BBAB1943, N/A
BBB1F016, N/A
BBB4E54F, N/A
BBC7A362, N/A
BBE6A87C, N/A
BBEB8C2A, N/A
BBF5A51C, N/A
BC15971B, N/A
BC189043, N/A
BC36E891, N/A
BC4F5D52, N/A
BC5C7E49, N/A
BC77119F, N/A
BCBB33A6, N/A
BCC958F0, N/A
BCE4ADF8, N/A
BCE7DF87, N/A
BD052C19, N/A
BD16537D, N/A
BD1D55E1, N/A
BD2249F6, N/A
BD3AA397, N/A
BD4E5749, N/A
BD514F83, N/A
BD559525, N/A
BD620AD7, N/A
BD6DE678, N/A
BD7A212D, N/A
BD82D348, N/A
BD840BAD, N/A
BD9896CB, N/A
BDA50BC3, N/A
BDB45C53, N/A
BDCD5456, N/A
BDCE57BA, N/A
BDDE63CF, N/A
BDF1BA05, N/A
BE17C500, N/A
BE3C6FB8, N/A
BE4AA39C, N/A
BE6442BC, N/A
BE70C5DF, N/A
BE83B9D2, N/A
BEADA18E, N/A
BEB600F3, N/A
BEC8FEB8, N/A
BEF1C6CA, N/A
BF158F75, N/A
BF1A680E, N/A
BF29B152, N/A
BF3167E2, N/A
BF690574, N/A
BF6D8F58, N/A
BF723E68, N/A
BF857FF4, N/A
BF8CF4F3, N/A
BF991E89, N/A
BFA46EDF, N/A
BFC43CE2, N/A
BFCADC2C, N/A
BFD49FAF, N/A
BFE84286, N/A
BFFA64F6, N/A
C03D6E94, N/A
C05065ED, N/A
C05688D9, N/A
C06D9D9A, N/A
C07C24A3, N/A
C08B102D, N/A
C08C4427, N/A
C0B31B69, N/A
C0BE2E13, N/A
C0EF4FD7, N/A
C0F3B00A, N/A
C0FE4D26, N/A
C0FE696B, N/A
C1094276, N/A
C111EBEB, N/A
C1426CD3, N/A
C142C61F, N/A
C1458915, N/A
C155FEFD, N/A
C160F702, N/A
C169C7E3, N/A
C16EEE88, N/A
C1769D54, N/A
C1BCB4F0, N/A
C1C02867, N/A
C1E6087A, N/A
C1EA3C25, N/A
C20122EB, N/A
C205E3B3, N/A
C20FDDC1, N/A
C218280D, N/A
C2256BDC, N/A
C264695E, N/A
C276503E, N/A
C2854590, N/A
C2869132, N/A
C293E3B3, N/A
C29DF9DB, N/A
C2AF3A28, N/A
C2CEBB43, N/A
C2E03957, N/A
C2E82625, N/A
C2F7F550, N/A
C2FAA239, N/A
C322A144, N/A
C32319FF, N/A
C3BFAEA3, N/A
C3C7DB5F, N/A
C3CC205A, N/A
C3D5D78E, N/A
C3DBC38A, N/A
C3FC0311, N/A
C43222BC, N/A
C4347FEF, N/A
C44E7C1B, N/A
C452A30B, N/A
C454FA42, N/A
C4630712, N/A
C49C4819, N/A
C4A03C75, N/A
C4ABD864, N/A
C4B22E85, N/A
C4DD2493, N/A
C4E6BD4E, N/A
C500D8CF, N/A
C51825EA, N/A
C520DF4D, N/A
C53866B0, N/A
C53BF4D1, N/A
C5523DF2, N/A
C55D5C0D, N/A
C55D65EA, N/A
C5622F19, N/A
C59464CE, N/A
C5966DDE, N/A
C596E81F, N/A
C5A32914, N/A
C5A427FA, N/A
C5A4B48E, N/A
C5AB8B06, N/A
C5C23EED, N/A
C5C517E5, N/A
C5C6B50D, N/A
C5CCAB8C, N/A
C5F04CA8, N/A
C5F48D4C, N/A
C629293E, N/A
C63A2084, N/A
C63FD388, N/A
C6433BC1, N/A
C663636A, N/A
C6746BA1, N/A
C684FA91, N/A
C689AA6A, N/A
C68A57FE, N/A
C6AF0AD0, N/A
C6C46D25, N/A
C6CB7E39, N/A
C6D114F6, N/A
C6D77003, N/A
C6DB3ED7, N/A
C6EBC5A5, N/A
C7293391, N/A
C749F6AE, N/A
C75FDDF2, N/A
C76B6366, N/A
C77035BE, N/A
C77AFD24, N/A
C789BB70, N/A
C7B753C9, N/A
C7BBE548, N/A
C7ED6C93, N/A
C7EF3136, N/A
C81DE0BB, N/A
C826015D, N/A
C84ADC5B, N/A
C86EA723, N/A
C8AFA6A7, N/A
C8EEA712, N/A
C903EEAE, N/A
C9231EA1, N/A
C9260E55, N/A
C92AC8C5, N/A
C92EFB06, N/A
C93D0E0C, N/A
C973F699, N/A
C975CF63, N/A
C97F2482, N/A
C989FFDA, N/A
C98FA74D, N/A
C99C08F2, N/A
C9AE1DFF, N/A
C9D92983, N/A
CA060FD7, N/A
CA08B9EB, N/A
CA0B064F, N/A
CA349BCF, N/A
CA435417, N/A
CA4483CD, N/A
CA9A305E, N/A
CAABB5AF, N/A
CABBC004, N/A
CAC153D2, N/A
CAC58FF9, N/A
CAD5A553, N/A
CAE5A1E6, N/A
CAE8381B, N/A
CB10AF9B, N/A
CB160E82, N/A
CB22DA88, N/A
CB376A68, N/A
CB53B1B6, N/A
CB62F6BB, N/A
CB6DFC75, N/A
CB9BBC10, N/A
CBAFB6C4, N/A
CBB900F7, N/A
CBCB0FB0, N/A
CBD06A72, N/A
CBE50973, N/A
CC09F961, N/A
CC1CAFE3, N/A
CC3C4BDF, N/A
CC58884E, N/A
CC5A5131, N/A
CC5CFA9A, N/A
CC84D865, N/A
CC889C9A, N/A
CC8FD7CE, N/A
CC916787, N/A
CCA3AC7F, N/A
CCA87998, N/A
CCAC7FAE, N/A
CCB67854, N/A
CCBD6550, N/A
CCD66D33, N/A
CCD7C414, N/A
CCDE96D8, N/A
CCF37178, N/A
CD02031F, N/A
CD0B8BFF, N/A
CD0F2F64, N/A
CD15116E, N/A
CD286A1C, N/A
CD3603AC, N/A
CD3B228D, N/A
CD49FC7F, N/A
CD61BC4D, N/A
CD6B26AF, N/A
CD802620, N/A
CDE0DF1C, N/A
CDEB173E, N/A
CDEB7C75, N/A
CDFCEEFC, N/A
CE0A41C4, N/A
CE105EB2, N/A
CE3102B5, N/A
CE5A9FD2, N/A
CE6D70BD, N/A
CE6DE719, N/A
CE7AAD81, N/A
CE8D40FF, N/A
CE970CA0, N/A
CEA1FBEC, N/A
CEB69499, N/A
CECBEA34, N/A
CECF1833, N/A
CED17EB1, N/A
CED2CF74, N/A
CEF2BBFF, N/A
CEF6E8C1, N/A
CEFDC1B2, N/A
CF0BA304, N/A
CF0BCA2C, N/A
CF120A8F, N/A
CF491577, N/A
CF5C0F0C, N/A
CF6154A7, N/A
CF6A4FA6, N/A
CF8275F3, N/A
CF9CD331, N/A
CFA1953D, N/A
CFEC2846, N/A
CFF73168, N/A
D00EA700, N/A
D016F302, N/A
D0227A75, N/A
D02A1FDE, N/A
D04811C3, N/A
D050F643, N/A
D058C690, N/A
D05ADFA5, N/A
D08D7680, N/A
D0D2C5EA, N/A
D102C363, N/A
D1047074, N/A
D11E6071, N/A
D1241901, N/A
D135915F, N/A
D1846049, N/A
D18F0A24, N/A
D199969F, N/A
D1A38F73, N/A
D1D11F4A, N/A
D1D7657F, N/A
D1D88DE3, N/A
D1D8C2E6, N/A
D1DC98E2, N/A
D1FB5836, N/A
D211BA20, N/A
D217BB93, N/A
D21E2823, N/A
D228DB71, N/A
D2520F1D, N/A
D278C3B2, N/A
D28A289B, N/A
D28D07BB, N/A
D2A261EC, N/A
D2A5D209, N/A
D2AAB61A, N/A
D2C88C3E, N/A
D2DE2080, N/A
D31581A3, N/A
D31AD878, N/A
D32654DB, N/A
D336D9AD, N/A
D33FCC8F, N/A
D3832764, N/A
D383ACFE, N/A
D3894419, N/A
D38BA300, N/A
D38EEAEB, N/A
D38FD608, N/A
D399E7B9, N/A
D39CB643, N/A
D3A7F5EC, N/A
D3C2BB9B, N/A
D3C66E28, N/A
D400F59A, N/A
D4116221, N/A
D416E1D5, N/A
D41AF241, N/A
D41F925B, N/A
D42DE057, N/A
D42E8445, N/A
D4619244, N/A
D462ADA2, N/A
D469BB7F, N/A
D46B0357, N/A
D485A69D, N/A
D49879F4, N/A
D4BBB54A, N/A
D4D06CF6, N/A
D514E2F0, N/A
D51D676D, N/A
D51F8DA1, N/A
D525B22B, N/A
D528E4D8, N/A
D532438C, N/A
D5493323, N/A
D5769DCD, N/A
D588F2A9, N/A
D5A954BA, N/A
D5ABAB28, N/A
D5AF23DE, N/A
D5BD9215, N/A
D5D1EC2C, N/A
D5DDE1FD, N/A
D5E244C3, N/A
D6031F89, N/A
D61D7377, N/A
D62F1F9F, N/A
D6386C1A, N/A
D63E9A95, N/A
D64804E1, N/A
D695D6C3, N/A
D69A8484, N/A
D6A6E2EE, N/A
D6ABC2C6, N/A
D6BE0B2B, N/A
D6CC7A56, N/A
D6E55AD9, N/A
D6EC3504, N/A
D7135A2B, N/A
D7148C41, N/A
D71BD00D, N/A
D72A49CC, N/A
D72B0003, N/A
D7375602, N/A
D738B2E8, N/A
D73E2A29, N/A
D75420DA, N/A
D789B6CA, N/A
D7AACD5C, N/A
D7C59487, N/A
D7D771B0, N/A
D7E633B8, N/A
D7E88A6C, N/A
D7F0C1B3, N/A
D803ECF8, N/A
D829413B, N/A
D82EC091, N/A
D84D5921, N/A
D858FC19, N/A
D8747936, N/A
D891AA3F, N/A
D8D97D49, N/A
D8DF61D2, N/A
D8FA2EC6, N/A
D8FD19EB, N/A
D900A4F6, N/A
D9257C86, N/A
D94EED92, N/A
D9582F91, N/A
D95E5FF1, N/A
D96D2913, N/A
D970B2D6, N/A
D9813284, N/A
D98ECD58, N/A
D9900030, N/A
D99B586D, N/A
D9A06007, N/A
D9B17C50, N/A
D9CBCA19, N/A
D9D7ABB1, N/A
D9E029C6, N/A
D9E1F8E7, N/A
D9E410CF, N/A
D9E68F97, N/A
D9F7F187, N/A
DA10A409, N/A
DA2B5900, N/A
DA2B8161, N/A
DA359D3C, N/A
DA37BCF8, N/A
DA53285E, N/A
DA56339E, N/A
DA9DDF84, N/A
DAAA01F7, N/A
DAAB71CC, N/A
DAAC1E93, N/A
DAB2780D, N/A
DAC5E8E8, N/A
DB137227, N/A
DB2B379D, N/A
DB47917F, N/A
DB80F546, N/A
DB82586C, N/A
DB9D95E1, N/A
DBA042D9, N/A
DBA78459, N/A
DBCFE34A, N/A
DBF06149, N/A
DBFEC0F3, N/A
DC1C7EB2, N/A
DC1E3375, N/A
DC2C5110, N/A
DC3590FB, N/A
DC406E31, N/A
DC4C9AD0, N/A
DC518B04, N/A
DC5D79F8, N/A
DC9267CD, N/A
DCB339F4, N/A
DCE23C85, N/A
DCE7AC5B, N/A
DCEAC101, N/A
DCEBE5E4, N/A
DCF4028D, N/A
DD0997DA, N/A
DD152C49, N/A
DD424340, N/A
DD49B6B3, N/A
DD99BB78, N/A
DDA06C3F, N/A
DDABFC50, N/A
DDC74321, N/A
DDC79F13, N/A
DDCA76C2, N/A
DDD19A1F, N/A
DDD940C4, N/A
DDDAADA5, N/A
DE151FE5, N/A
DE19777A, N/A
DE3E4FB2, N/A
DE466214, N/A
DE6B290B, N/A
DE777E73, N/A
DE7F5261, N/A
DEAD128F, N/A
DEAE3B84, N/A
DEC80C31, N/A
DEDC9FF0, N/A
DEF56AC0, N/A
DF051A78, N/A
DF482E2D, N/A
DF4AF27F, N/A
DF5DF87E, N/A
DF68B9E6, N/A
DF70E52D, N/A
DF848896, N/A
DF9B56BB, N/A
DFA07E24, N/A
DFC6730D, N/A
DFCEC171, N/A
DFDAC7F0, N/A
DFF2A49D, N/A
DFF48890, N/A
E0066AD1, N/A
E018F16A, N/A
E0192E0B, N/A
E03B7F7B, N/A
E0459BFB, N/A
E056478C, N/A
E06A3E7A, N/A
E0799845, N/A
E08E0293, N/A
E093309B, N/A
E09700C0, N/A
E0BBEC86, N/A
E0DF1243, N/A
E0E06663, N/A
E10749C5, N/A
E10AC9EE, N/A
E1148BA3, N/A
E1181310, N/A
E11887A4, N/A
E1408A76, N/A
E160E571, N/A
E19BD8B3, N/A
E1C0F911, N/A
E1CA2901, N/A
E1ED0A9D, N/A
E21D15D7, N/A
E21DC621, N/A
E22CBE32, N/A
E24A2AC1, N/A
E25D588C, N/A
E2931663, N/A
E29CCECB, N/A
E29F6BD8, N/A
E2A696C0, N/A
E2BA5397, N/A
E2F6F7BB, N/A
E2FE6636, N/A
E3017A4F, N/A
E32897CD, N/A
E3384B7B, N/A
E341B9C4, N/A
E34D2E50, N/A
E36CEBFA, N/A
E36F40B4, N/A
E38DB4A1, N/A
E39E3786, N/A
E3ABB127, N/A
E3C9A2BD, N/A
E3DB6B8C, N/A
E3E53D03, N/A
E3EAE8CC, N/A
E3FF9BC4, N/A
E41A330A, N/A
E4472A6E, N/A
E46EB156, N/A
E4BAD1E9, N/A
E4C00B40, N/A
E4C8DD49, N/A
E4D3260E, N/A
E4E365D4, N/A
E4E3B77F, N/A
E4E5D387, N/A
E4FC89FC, N/A
E51C2B4E, N/A
E549F90C, N/A
E569F683, N/A
E58120EF, N/A
E58288EB, N/A
E59A5847, N/A
E5A90F78, N/A
E5DC4915, N/A
E5E4595A, N/A
E613BC23, N/A
E6152A56, N/A
E63A73DB, N/A
E65CD2F3, N/A
E6758071, N/A
E67CAEBE, N/A
E68F51D6, N/A
E6CAEA04, N/A
E7340D67, N/A
E75BEDA5, N/A
E7B22ECB, N/A
E7D9039C, N/A
E7E6C790, N/A
E8196308, N/A
E8337B08, N/A
E857EFFA, N/A
E860DC51, N/A
E865D77A, N/A
E869C185, N/A
E8C59C38, N/A
E8E6212F, N/A
E8F2DC78, N/A
E9025818, N/A
E90586BE, N/A
E90D5288, N/A
E90FAB81, N/A
E91154F1, N/A
E916D883, N/A
E92FAE67, N/A
E933CCB3, N/A
E93DD2EA, N/A
E94A65B1, N/A
E9617571, N/A
E9679588, N/A
E96831C1, N/A
E971F3FD, N/A
E9733704, N/A
E989044F, N/A
E995B1A9, N/A
E9BA0AB9, N/A
E9C126F6, N/A
E9C7BBF7, N/A
E9CF231C, N/A
E9E2290E, N/A
E9FC8421, N/A
EA00585C, N/A
EA136681, N/A
EA1F16BD, N/A
EA271BF8, N/A
EA2C39DF, N/A
EA3391B6, N/A
EA69C274, N/A
EA90DDBD, N/A
EA982145, N/A
EA9A939D, N/A
EAA043DE, N/A
EAC3F522, N/A
EACA8721, N/A
EAECE4C0, N/A
EAEF2657, N/A
EAEF618F, N/A
EAF847C6, N/A
EB056FA0, N/A
EB1E6572, N/A
EB539DD1, N/A
EB5ACCFC, N/A
EB7F6AB1, N/A
EB810786, N/A
EB9616B6, N/A
EBBA30AB, N/A
EBDA16F6, N/A
EBFDCC5D, N/A
EC088103, N/A
EC08BE72, N/A
EC2AAF74, N/A
EC35A969, N/A
EC4264A7, N/A
EC477088, N/A
EC5600F8, N/A
EC57E0FC, N/A
EC69264F, N/A
EC8D000C, N/A
ECA54F6C, N/A
ECA86FF5, N/A
ECBE5BFC, N/A
ECD11D11, N/A
ECDC6FD3, N/A
ECE35438, N/A
ECEE4320, N/A
ED290CD0, N/A
ED3D17CB, N/A
ED9136D5, N/A
ED948570, N/A
ED970F81, N/A
EDA147D4, N/A
EDD2242D, N/A
EDD5F099, N/A
EDDA419E, N/A
EDDC4B9C, N/A
EDF952B4, N/A
EDFB51D3, N/A
EE107893, N/A
EE162E1C, N/A
EE1C0B43, N/A
EE290FD0, N/A
EE2A609C, N/A
EE2F5ACA, N/A
EE2FBA55, N/A
EE4E5180, N/A
EE66AA8E, N/A
EE871178, N/A
EEA420C1, N/A
EEA582CF, N/A
EEC0EC6B, N/A
EED526BC, N/A
EEF80491, N/A
EEFEEC53, N/A
EF1C0E48, N/A
EF4D96D2, N/A
EF646D9F, N/A
EF7FD201, N/A
EF87565D, N/A
EFA4E44F, N/A
EFD1F791, N/A
EFD56E99, N/A
EFD88FEA, N/A
EFEC3A69, N/A
F01B5F96, N/A
F03FC64C, N/A
F06A5F85, N/A
F06C03F4, N/A
F06C6608, N/A
F0813D54, N/A
F0ADEEA5, N/A
F0AE9891, N/A
F0B40573, N/A
F0B4D685, N/A
F0CC3F5A, N/A
F0D6E466, N/A
F0F1B980, N/A
F0F5DA3A, N/A
F1045FCE, N/A
F113AE07, N/A
F1222348, N/A
F122AD46, N/A
F1328F1C, N/A
F13BA264, N/A
F144C08A, N/A
F16265F5, N/A
F1A33D73, N/A
F1BABD67, N/A
F1C6F06E, N/A
F1D33AA8, N/A
F1F3E6E4, N/A
F1FE721F, N/A
F2002AD9, N/A
F21D13AC, N/A
F23917A6, N/A
F23CF06C, N/A
F2410D23, N/A
F24DD8FE, N/A
F2625472, N/A
F26A2FC7, N/A
F295D0CF, N/A
F2BAF172, N/A
F2BDDBC9, N/A
F2D2E604, N/A
F2D6774D, N/A
F2EB32DB, N/A
F2F81C48, N/A
F3099F20, N/A
F31B3961, N/A
F3309342, N/A
F34E87DD, N/A
F351BB4A, N/A
F353261C, N/A
F3538160, N/A
F370E2C7, N/A
F37DA3AC, N/A
F384EA75, N/A
F391EC68, N/A
F3A9EE3E, N/A
F3C7685F, N/A
F3DD2BEF, N/A
F3E24B26, N/A
F47EE298, N/A
F4984F24, N/A
F4AADC49, N/A
F4C17442, N/A
F4DDB1AA, N/A
F4DFBA8F, N/A
F50C525A, N/A
F521AEA7, N/A
F53046CC, N/A
F533875E, N/A
F534FCF7, N/A
F541CD68, N/A
F5438915, N/A
F546A71D, N/A
F5548641, N/A
F570A5FD, N/A
F57EF970, N/A
F5895FED, N/A
F5928F34, N/A
F5B00A5F, N/A
F5CE9879, N/A
F5FBFC6B, N/A
F60DE7FD, N/A
F62B03F4, N/A
F641F9AA, N/A
F64220D9, N/A
F66AD146, N/A
F6A751DB, N/A
F6B861B5, N/A
F6CC4671, N/A
F6D2801D, N/A
F6D8234A, N/A
F724B064, N/A
F7329268, N/A
F733868C, N/A
F73CC871, N/A
F75992C1, N/A
F764A78F, N/A
F769DDB3, N/A
F78B268B, N/A
F7929EC9, N/A
F7ADFA7D, N/A
F7B3D3EE, N/A
F7E8D02A, N/A
F7FC3EB2, N/A
F81BDB9A, N/A
F8225A0E, N/A
F82835BA, N/A
F838418B, N/A
F83DCA70, N/A
F864A040, N/A
F86930C8, N/A
F86B5AE3, N/A
F87CB386, N/A
F88A210D, N/A
F89CE4A0, N/A
F8A94689, N/A
F8B6C20E, N/A
F8C29D41, N/A
F8D1C6C2, N/A
F8D58C68, N/A
F8E2DE95, N/A
F8F89F89, N/A
F8FD8ADD, N/A
F9045E7A, N/A
F9090A0E, N/A
F90F4777, N/A
F91D4382, N/A
F91FA870, N/A
F92D850C, N/A
F93FD47A, N/A
F95CE325, N/A
F9A5B8A9, N/A
F9D684E3, N/A
F9E2C020, N/A
F9E75C9A, N/A
F9EFF706, N/A
F9FD7B2B, N/A
F9FFA4C8, N/A
FA0D02B9, N/A
FA1237B2, N/A
FA1F65E6, N/A
FA21E4BE, N/A
FA3837BC, N/A
FA56568A, N/A
FA59757D, N/A
FA6C2B70, N/A
FA78BAC5, N/A
FA837B29, N/A
FA95BC46, N/A
FAA9AE25, N/A
FAD8E5A6, N/A
FADC4515, N/A
FADF5CBF, N/A
FB05FB1A, N/A
FB0F56EC, N/A
FB358CDB, N/A
FB3B13FA, N/A
FB524C40, N/A
FB608A7C, N/A
FB74C628, N/A
FB87238F, N/A
FB98A043, N/A
FBC1C98F, N/A
FBDAFEF2, N/A
FBE2C3C3, N/A
FBE64598, N/A
FC05C1B1, N/A
FC08B907, N/A
FC10744B, N/A
FC369D3B, N/A
FC3AE658, N/A
FC460754, N/A
FC46E086, N/A
FC5F4C0D, N/A
FC6D5BDD, N/A
FC6E7571, N/A
FC75D98C, N/A
FC77A08D, N/A
FC7BC05C, N/A
FC7CC2F1, N/A
FC80592D, N/A
FC8395E8, N/A
FC9B34DD, N/A
FCA8A7F1, N/A
FCAE64EF, N/A
FCB972E3, N/A
FCC5993E, N/A
FCC9A80B, N/A
FCDFD33B, N/A
FCEE9A99, N/A
FCF07F08, N/A
FCF29074, N/A
FCF78172, N/A
FCFC654D, N/A
FCFCA5EA, N/A
FD00D6B5, N/A
FD0FFD4A, N/A
FD2C111F, N/A
FD355E45, N/A
FD53ECB8, N/A
FD544E62, N/A
FD659612, N/A
FD6DC85B, N/A
FD6E7A84, N/A
FD6F6D19, N/A
FD7EB14F, N/A
FD98E85A, N/A
FD9C3A45, N/A
FDAC3C59, N/A
FDCB04CE, N/A
FDD5951F, N/A
FDDDE0F0, N/A
FE00DF29, N/A
FE0A2020, N/A
FE10B5F4, N/A
FE1FC848, N/A
FE28514C, N/A
FE36BEF1, N/A
FE6D3FFF, N/A
FE8B4208, N/A
FE8F3A77, N/A
FEA20571, N/A
FEB5C35D, N/A
FEDBB8F3, N/A
FEDE5FA9, N/A
FF07DE9F, N/A
FF17AC75, N/A
FF198FD2, N/A
FF1D1392, N/A
FF2EC8C1, N/A
FF311DB4, N/A
FF356E92, N/A
FF36D7CE, N/A
FF4C23D4, N/A
FF4D5C59, N/A
FF523348, N/A
FF542FAF, N/A
FF564932, N/A
FF5A4B7E, N/A
FF74C5DF, N/A
FF7A1A83, N/A
FF7C8555, N/A
FFA42363, N/A
FFA4E821, N/A
FFD31124, N/A
FFF57D9E, N/A